Type,Time,Count,Collisions
Chaining,26.007274,9988157,11594
Open Addressing,27.693717,9988157,11656
Chaining,25.331177,9988362,11738
Open Addressing,26.293697,9988362,11811
Chaining,24.517061,9988432,11540
Open Addressing,26.047168,9988432,11598
